code,name
VIS400,VisitorTest400
VIS401,VisitorTest401
VIS402,VisitorTest402
VIS403,VisitorTest403
VIS404,VisitorTest404
VIS405,VisitorTest405
VIS406,VisitorTest406
VIS407,VisitorTest407
VIS408,VisitorTest408
VIS409,VisitorTest409
VIS410,VisitorTest410
VIS411,VisitorTest411
VIS412,VisitorTest412
VIS413,VisitorTest413
VIS414,VisitorTest414
VIS415,VisitorTest415
VIS416,VisitorTest416
VIS417,VisitorTest417
VIS418,VisitorTest418
VIS419,VisitorTest419
VIS500,VisitorTestingPurposeOnly500
VIS501,VisitorTestingPurposeOnly501
VIS502,VisitorTestingPurposeOnly502
VIS503,VisitorTestingPurposeOnly503
VIS504,VisitorTestingPurposeOnly504
VIS505,VisitorTestingPurposeOnly505
VIS506,VisitorTestingPurposeOnly506
VIS507,VisitorTestingPurposeOnly507
VIS508,VisitorTestingPurposeOnly508
VIS509,VisitorTestingPurposeOnly509